﻿delirie6,descrip
0,"No aplica"
1010,"La vida y la integridad corporal - Homicidio"
1020,"La vida y la integridad corporal - Feminicidio"
1030,"La vida y la integridad corporal - Aborto"
1040,"La vida y la integridad corporal - Lesiones"
1050,"La vida y la integridad corporal - Otros delitos que atentan contra la vida y la integridad corporal"
2010,"La libertad personal - Privación de la Libertad"
2020,"La libertad personal - Tráfico de Menores"
2030,"La libertad personal - Retención o sustracción de menores e incapaces"
2040,"La libertad personal - Rapto"
2050,"La libertad personal - Desaparición forzada"
2060,"La libertad personal - Secuestro"
2061,"La libertad personal - Secuestro extorsivo"
2062,"La libertad personal - Secuestro con calidad de rehén"
2063,"La libertad personal - Secuestro para causar daños"
2064,"La libertad personal - Secuestro exprés"
2065,"La libertad personal - Otro tipo de secuestros"
2070,"La libertad personal - Otros delitos que atentan contra la libertad personal"
3010,"La libertad y la seguridad sexual - Abuso Sexual"
3020,"La libertad y la seguridad sexual - Acoso Sexual"
3030,"La libertad y la seguridad sexual - Hostigamiento Sexual"
3040,"La libertad y la seguridad sexual - Violación"
3050,"La libertad y la seguridad sexual - Violación Equiparada"
3060,"La libertad y la seguridad sexual - Estupro"
3070,"La libertad y la seguridad sexual - Incesto"
3080,"La libertad y la seguridad sexual - Otros delitos que atentan contra la libertad y seguridad sexual"
4010,"El patrimonio - Robo"
4020,"El patrimonio - Robo a casa habitación"
4030,"El patrimonio - Robo de vehículo"
4040,"El patrimonio - Robo de autopartes"
4050,"El patrimonio - Robo a transeúnte en vía pública"
4060,"El patrimonio - Robo a transeúnte en espacio abierto al público"
4070,"El patrimonio - Robo a persona en un lugar privado"
4080,"El patrimonio - Robo a transportista"
4090,"El patrimonio - Robo en transporte público individual"
4100,"El patrimonio - Robo en transporte público colectivo"
4110,"El patrimonio - Robo en transporte individual"
4120,"El patrimonio - Robo a institución bancaria"
4130,"El patrimonio - Robo a negocio"
4140,"El patrimonio - Robo de ganado"
4150,"El patrimonio - Robo de maquinaria"
4160,"El patrimonio - Otros robos"
4170,"El patrimonio - Encubrimiento"
4180,"El patrimonio - Fraude"
4190,"El patrimonio - Abuso de confianza"
4200,"El patrimonio - Extorsión"
4210,"El patrimonio - Daño a la propiedad"
4220,"El patrimonio - Despojo"
4230,"El patrimonio - Otros delitos que atentan contra el patrimonio"
5010,"La familia - Violencia familiar"
5020,"La familia - Incumplimiento de obligaciones familiares"
5030,"La familia - Otros delitos contra la familia"
6010,"La sociedad - Contra el libre desarrollo de la personalidad"
6011,"La sociedad - Corrupción de menores e incapaces"
6012,"La sociedad - Prostitución de menores e incapaces"
6013,"La sociedad - Pornografía infantil"
6014,"La sociedad - Lenocinio"
6015,"La sociedad - Turismo sexual"
6016,"La sociedad - Otros delitos contra el libre desarrollo de la personalidad"
6020,"La sociedad - Trata de personas"
6021,"La sociedad - Trata de personas con fines de explotación sexual"
6022,"La sociedad - Trata de personas con fines de trabajo o servicios forzados"
6023,"La sociedad - Trata de personas con fines de tráfico de órganos"
6024,"La sociedad - Trata de personas con otros fines de explotación"
6030,"La sociedad - Violencia de género en todas sus modalidades distinta a la violencia familiar"
6040,"La sociedad - Discriminación"
6050,"La sociedad - Otros delitos contra la sociedad"
7010,"La Seguridad Pública - Narcomenudeo"
7011,"La Seguridad Pública - Narcomenudeo en modalidad de posesión simple"
7012,"La Seguridad Pública - Narcomenudeo en modalidad de posesión con fines de venta y suministro"
7013,"La Seguridad Pública - Narcomenudeo en modalidad de venta y suministro"
7014,"La Seguridad Pública - Narcomenudeo en modalidad distinta a las anteriores"
7020,"La Seguridad Pública - Evasión de presos"
7030,"La Seguridad Pública - Armas y objetos prohibidos"
7040,"La Seguridad Pública - Otros delitos contra la seguridad pública"
8010,"Otros (bienes jurídicos afectados) del Fuero Común - Amenazas"
8020,"Otros (bienes jurídicos afectados) del Fuero Común - Allanamiento de morada"
8030,"Otros (bienes jurídicos afectados) del Fuero Común - Falsedad"
8040,"Otros (bienes jurídicos afectados) del Fuero Común - Falsificación"
8050,"Otros (bienes jurídicos afectados) del Fuero Común - Contra el medio ambiente y equilibrio ecológico"
8060,"Otros (bienes jurídicos afectados) del Fuero Común - Contra el servicio público"
8061,"Otros (bienes jurídicos afectados) del Fuero Común - Cometidos por servidores públicos"
8062,"Otros (bienes jurídicos afectados) del Fuero Común - Cometidos contra servidores públicos"
8063,"Otros (bienes jurídicos afectados) del Fuero Común - Otros delitos cometidos contra el servicio público"
8070,"Otros (bienes jurídicos afectados) del Fuero Común - Electorales"
8080,"Otros (bienes jurídicos afectados) del Fuero Común - Otros delitos del fuero común"
9999,"No especificado - No especificado"