﻿delirie5,descrip
101,"La vida y la integridad corporal - Homicidio"
102,"La vida y la integridad corporal - Feminicidio"
103,"La vida y la integridad corporal - Aborto"
104,"La vida y la integridad corporal - Otros delitos que privan de la vida"
105,"La vida y la integridad corporal - Lesiones"
106,"La vida y la integridad corporal - Otros delitos que atentan contra la integridad corporal"
107,"La vida y la integridad corporal - Otros delitos que atentan contra la vida y la integridad corporal"
201,"Privación de la libertad - Privación de la libertad"
202,"Privación de la libertad - Tráfico de menores"
203,"Privación de la libertad - Robo de menor"
204,"Privación de la libertad - Rapto"
205,"Privación de la libertad - Desaparición forzada"
206,"Privación de la libertad - Otros delitos que atentan contra la libertad personal sin fines de lucro"
207,"Privación de la libertad - Secuestro"
208,"Privación de la libertad - Secuestro exprés"
209,"Privación de la libertad - Otros delitos que atentan contra la libertad personal con fines de lucro"
210,"Privación de la libertad - Otros delitos que atentan contra la libertad personal"
301,"La libertad y la seguridad sexual - Abuso sexual"
302,"La libertad y la seguridad sexual - Acoso sexual"
303,"La libertad y la seguridad sexual - Hostigamiento sexual"
304,"La libertad y la seguridad sexual - Otros delitos sexuales sin realización de copula"
305,"La libertad y la seguridad sexual - Violación"
306,"La libertad y la seguridad sexual - Violación equiparada"
307,"La libertad y la seguridad sexual - Estupro"
308,"La libertad y la seguridad sexual - Incesto"
309,"La libertad y la seguridad sexual - Otros delitos sexuales con realización de copula"
310,"La libertad y la seguridad sexual - Otros delitos que atentan contra la libertad y seguridad sexual"
401,"El patrimonio - Robo"
402,"El patrimonio - Robo a casa habitación"
403,"El patrimonio - Robo de vehículo"
404,"El patrimonio - Robo de autopartes"
405,"El patrimonio - Robo a transeúnte en vía pública"
406,"El patrimonio - Robo a transeúnte en espacio abierto al publico"
407,"El patrimonio - Robo a persona en un lugar privado"
408,"El patrimonio - Robo a transportista"
409,"El patrimonio - Robo en transporte público individual"
410,"El patrimonio - Robo en transporte público colectivo"
411,"El patrimonio - Robo en transporte individual"
412,"El patrimonio - Robo a institución bancaria"
413,"El patrimonio - Robo a negocio"
414,"El patrimonio - Robo de ganado"
415,"El patrimonio - Robo de maquinaria"
416,"El patrimonio - Otros robos"
417,"El patrimonio - Fraude"
418,"El patrimonio - Abuso de confianza"
419,"El patrimonio - Extorsión"
420,"El patrimonio - Daño a la propiedad"
421,"El patrimonio - Despojo"
422,"El patrimonio - Otros delitos que atentan contra el patrimonio"
501,"La familia - Violencia familiar"
502,"La familia - Incumplimiento de obligaciones de asistencia familiar"
503,"La familia - Otros delitos contra la familia"
601,"La sociedad - Corrupción de menores"
602,"La sociedad - Trata de personas"
603,"La sociedad - Violencia de genero en todas sus modalidades"
604,"La sociedad - Discriminación"
605,"La sociedad - Otros delitos contra la sociedad"
701,"Otros (bienes jurídicos afectados) del Fuero Común - Narcomenudeo"
702,"Otros (bienes jurídicos afectados) del Fuero Común - Amenazas"
703,"Otros (bienes jurídicos afectados) del Fuero Común - Allanamiento de morada"
704,"Otros (bienes jurídicos afectados) del Fuero Común - Evasión de presos"
705,"Otros (bienes jurídicos afectados) del Fuero Común - Falsedad"
706,"Otros (bienes jurídicos afectados) del Fuero Común - Falsificación"
707,"Otros (bienes jurídicos afectados) del Fuero Común - Contra el medio ambiente y equilibrio ecológico"
708,"Otros (bienes jurídicos afectados) del Fuero Común - Responsabilidad de servidores públicos"
709,"Otros (bienes jurídicos afectados) del Fuero Común - Electorales"
710,"Otros (bienes jurídicos afectados) del Fuero Común - Otros delitos del Fuero Común"
999,"No especificado - No especificado"